,Journal,Article Title,Year,Affiliation,Country
57,International journal of systematic and evolutionary microbiology,"Pectobacterium punjabense sp. nov., isolated from blackleg symptoms of potato plants in Pakistan.",2018,"1​Department of Plant Pathology, Faculty of Agriculture, University of Agriculture Faisalabad (UAF), 38000 Faisalabad, Pakistan.",pakistan
198,"Journal of microbiology (Seoul, Korea)","Taxonomic description and draft genome of Pseudomonas sediminis sp. nov., isolated from the rhizospheric sediment of Phragmites karka.",2018,"Wetland Research and Training Centre, Chilika Development Authority, Balugaon, Odisha, 752030, India.",india
308,Systematic and applied microbiology,"Bradyrhizobium algeriense sp. nov., a novel species isolated from effective nodules of Retama sphaerocarpa from Northeastern Algeria.",2018,"Laboratoire d'Ecologie Microbienne, Faculté des Sciences de la Nature et de la Vie, Université de Bejaia, 06000 Bejaia, Algeria.",algeria
466,International journal of systematic and evolutionary microbiology,Listeria costaricensis sp. nov.,2018,"1​Centro de Investigación en Biotecnología, Escuela de Biología, Instituto Tecnológico de Costa Rica, Cartago, Costa Rica.",costa rica
544,International journal of systematic and evolutionary microbiology,"Leptospira venezuelensis sp. nov., a new member of the intermediate group isolated from rodents, cattle and humans.",2018,"1​Unidad de Estudios Genéticos y Forenses, Instituto Venezolano de Investigaciones Científicas, Venezuela.",venezuela
639,International journal of systematic and evolutionary microbiology,"Sphingomonas jatrophae sp. nov. and Sphingomonas carotinifaciens sp. nov., two yellow-pigmented endophytes isolated from stem tissues of Jatropha curcas L.",2017,"1​Biomaterials and Biocatalysts Group, Temasek Life Sciences Laboratory, National University of Singapore, 1 Research Link, Singapore 117604, Singapore.",singapore
784,Journal of fish diseases,"Candidatus Actinochlamydia pangasiae sp. nov. (Chlamydiales, Actinochlamydiaceae), a bacterium associated with epitheliocystis in Pangasianodon hypophthalmus.",2018,"ICAR-National Bureau of Fish Genetic Resources, Lucknow, Uttar Pradesh, India.",india
811,International journal of systematic and evolutionary microbiology,"Salinifilum gen. nov., with description of Salinifilum proteinilyticum sp. nov., an extremely halophilic actinomycete isolated from Meighan wetland, Iran, and reclassification of Saccharopolyspora aidingensis as Salinifilum aidingensis comb. nov. and Saccharopolyspora ghardaiensis as Salinifilum ghardaiensis comb. nov.",2017,"1​Microorganisms Bank, Iranian Biological Resource Centre (IBRC), ACECR, Tehran, Iran.",iran
1122,International journal of systematic and evolutionary microbiology,"Paenibacillus polysaccharolyticus sp. nov., a xylanolytic and cellulolytic bacteria isolated from leaves of Bamboo Phyllostachys aureosulcata.",2017,"1​Department of Agricultural Microbiology, Tamilnadu Agricultural University, Coimbatore 641 003, Tamilnadu, India 2​Temasek Lifesciences Laboratory, 1 Research Link, National University of Singapore, Singapore 117604, Singapore.",india
1129,International journal of systematic and evolutionary microbiology,Bradyrhizobium cajani sp. nov. isolated from nodules of Cajanus cajan.,2017,"1​Facultad de Ciencias Agronómicas y Veterinarias, Universidad Autónoma de Santo Domingo, Santo Domingo, Dominican Republic.",dominican republic
1177,Antonie van Leeuwenhoek,"Emended description of the family Chromatiaceae, phylogenetic analyses of the genera Alishewanella, Rheinheimera and Arsukibacterium, transfer of Rheinheimera longhuensis LH2-2T to the genus Alishewanella and description of Alishewanella alkalitolerans sp. nov. from Lonar Lake, India.",2017,"Laboratory for Conservation of Endangered Species (LaCONES), CSIR-Centre for Cellular and Molecular Biology, Uppal Road, Hyderabad, 500007, India.",india
1198,Antonie van Leeuwenhoek,"Paenibacillus aquistagni sp. nov., isolated from an artificial lake accumulating industrial wastewater.",2017,"Department of Biology, Faculty of Natural Sciences and Mathematics, University of Maribor, Maribor, Slovenia.",slovenia
1223,Microbes and environments,"Streptomyces cameroonensis sp. nov., a Geldanamycin Producer That Promotes Theobroma cacao Growth.",2017,"Laboratory of Phytoprotection and Valorization of Plants Resources, Biotechnology Centre-Nkolbisson.",cameroon
1266,International journal of systematic and evolutionary microbiology,"Campylobacter ornithocola sp. nov., a novel member of the Campylobacter lari group isolated from wild bird faecal samples.",2017,"1​Institute of Biochemistry and Microbiology, Faculty of Sciences, Universidad Austral de Chile, Valdivia, Chile.",chile
1312,International journal of systematic and evolutionary microbiology,"Aliidiomarina sedimenti sp. nov., a haloalkaliphilic bacterium in the family Idiomarinaceae.",2017,"1​Microorganisms Bank, Iranian Biological Resource Centre (IBRC), ACECR, Tehran, Iran.",iran
1364,Current microbiology,"Virgibacillus ainsalahensis sp. nov., a Moderately Halophilic Bacterium Isolated from Sediment of a Saline Lake in South of Algeria.",2017,"Microbiology Group, Laboratory of Cellular and Molecular Biology, Faculty of Biology, USTHB, BP 32, El Alia, Bab Ezzouar, Algiers, Algeria.",algeria
1373,Antonie van Leeuwenhoek,"Saccharothrix ghardaiensis sp. nov., an actinobacterium isolated from Saharan soil.",2017,"Laboratoire de Biologie des Systèmes Microbiens (LBSM), Ecole Normale Supérieure de Kouba, Algiers, Algeria.",algeria
1412,International journal of systematic and evolutionary microbiology,"Macrococcus canis sp. nov., a skin bacterium associated with infections in dogs.",2017,"Institute of Veterinary Bacteriology, Vetsuisse Faculty, University of Bern, Bern.",switzerland
1458,International journal of systematic and evolutionary microbiology,"Aeromicrobium choanae sp. nov., an actinobacterium isolated from the choana of a garden warbler.",2017,"1​Department of Biology, Faculty of Natural Sciences and Mathematics, University of Maribor, Maribor, Slovenia.",slovenia
1465,International journal of systematic and evolutionary microbiology,"Desulfobulbus oligotrophicus sp. nov., a sulfate-reducing and propionate-oxidizing bacterium isolated from a municipal anaerobic sewage sludge digester.",2017,"2​Université de Pau et des Pays de l'Adour, CNRS, IPREM UMR 5254, Equipe Environnement et Microbiologie, 64013 Pau, France 1​Anaerobic Microbiology Team (E02B26), Sciences and Techniques Faculty, Cadi Ayyad University PO Box 549, 40 000 Marrakech, Morocco.",france
1512,Antonie van Leeuwenhoek,"Planomonospora algeriensis sp. nov., an actinobacterium isolated from a Saharan soil of Algeria.",2017,"Laboratoire de Biologie des Systèmes Microbiens (LBSM), Ecole Normale Supérieure de Kouba, Alger, Algeria.",algeria
1515,Microbiology and immunology,Legionella clemsonensis sp. nov.: a green fluorescing Legionella strain from a patient with pneumonia.,2016,"Department of Biological Sciences, Life Sciences Building.",united states of america
1633,International journal of systematic and evolutionary microbiology,"Saccharothrix isguenensis sp. nov., an actinobacterium isolated from desert soil.",2016,"1​Laboratoire de Biologie des Systèmes Microbiens (LBSM), Ecole Normale Supérieure de Kouba, Algiers, Algeria.",algeria
1702,International journal of systematic and evolutionary microbiology,"Paenibacillus methanolicus sp. nov., a xylanolytic, methanol-utilizing bacterium isolated from the phyllosphere of bamboo (Pseudosasa japonica).",2016,"1​Department of Agricultural Microbiology, Tamilnadu Agricultural University, Coimbatore 641003, Tamilnadu, India 2​Temasek Lifesciences Laboratory, 1 Research Link, National University of Singapore, Singapore 117604, Singapore.",india
1897,International journal of systematic and evolutionary microbiology,"Paenibacillus cisolokensis sp. nov., isolated from litter of a geyser.",2016,"1​ Department of Biology, Faculty of Mathematics and Natural Sciences, Universitas Indonesia, Kampus UI Depok, 16424, Indonesia 2​ Center of Excellence for Indigenous Biological Resources-Genome Studies, Faculty of Mathematics and Natural Sciences, Universitas Indonesia, Kampus UI Depok, 16424, Indonesia.",indonesia
1908,Mikrobiologiia,"[Desulfovibrio hontreensis sp. nov., a Sulfate-Reducing Bacterium Isolated from Marine Biofoulings at the South Vietnam Coastal Area].",2015,"1​ Kitasato Institute for Life Sciences, Kitasato University, 5-9-1 Shirokane, Minato-ku, Tokyo 108-8641, Japan.",japan
1910,Current microbiology,"Mycobacterium icosiumassiliensis sp. nov., a New Member in the Mycobacterium terrae Complex Isolated from Surface Water in Algeria.",2016,"Laboratoire de Biologie Cellulaire et Moléculaire, Equipe de Microbiologie, Faculté des Sciences Biologiques, USTHB, BP n°32, Bab ezzouar, Alger, Algerie.",algeria
1916,International journal of systematic and evolutionary microbiology,"Actinophytocola algeriensis sp. nov., an actinobacterium isolated from Saharan soil.",2016,"1​ Laboratoire de Biologie des Systèmes Microbiens (LBSM), Ecole Normale Supérieure de Kouba, Alger, Algeria.",algeria
1939,International journal of systematic and evolutionary microbiology,"Actinomadura adrarensis sp. nov., an actinobacterium isolated from Saharan soil.",2016,"1​ Laboratoire de Biologie des Systèmes Microbiens (LBSM), Ecole Normale Supérieure, Kouba, Alger, Algeria.",algeria
1949,Archives of microbiology,Description of Hydrogenophaga laconesensis sp. nov. isolated from tube well water.,2016,"Laboratory for Conservation of Endangered Species (LaCONES), CSIR-Centre for Cellular and Molecular Biology, Uppal Road, Hyderabad, 500007, India.",india
1973,International journal of systematic and evolutionary microbiology,"Streptosporangium becharense sp. nov., an actinobacterium isolated from desert soil.",2016,"1​ Laboratoire de Biologie des Systèmes Microbiens (LBSM), Ecole Normale Supérieure de Kouba, Alger, Algeria.",algeria
2045,International journal of systematic and evolutionary microbiology,"Tumebacillus lipolyticus sp. nov., isolated from river water.",2015,"College of Pharmacy, Keimyung University, 1095 Dalgubeoldaero, Dalseo-gu, Daegu, 42601, Republic of Korea. jwyoon@kmu.ac.kr.",south korea
2113,Antonie van Leeuwenhoek,"Haematospirillum jordaniae gen. nov., sp. nov., isolated from human blood samples.",2016,"Special Bacteriology Reference Laboratory, Bacterial Special Pathogens Branch, Division of High Consequence Pathogens and Pathology, Centers for Disease Control and Prevention, Atlanta, USA. Bhumrighouse@cdc.gov.",united states of america
2166,International journal of systematic and evolutionary microbiology,"Streptosporangium saharense sp. nov., an actinobacterium isolated from Saharan soil.",2016,"1​Laboratoire de Biologie des Systèmes Microbiens (LBSM), Ecole Normale Supérieure de Kouba,Alger,Algeria.",algeria
2181,Antonie van Leeuwenhoek,"Thermoactinomyces khenchelensis sp. nov., a filamentous bacterium isolated from soil sediment of a terrestrial hot spring.",2016,"Laboratoire de Biologie des Systèmes Microbiens (LBSM), Ecole Normale Supérieure de Kouba, Algiers, Algeria.",algeria
2229,Antonie van Leeuwenhoek,"Actinomadura algeriensis sp. nov., an actinobacterium isolated from Saharan soil.",2016,"Laboratoire de Biologie des Systèmes Microbiens (LBSM), Ecole Normale Supérieure de Kouba, Alger, Algeria.",algeria
2274,Current microbiology,"Lysobacter chengduensis sp. nov. Isolated from the Air of Captive Ailuropoda melanoleuca Enclosures in Chengdu, China.",2016,"Aix-Marseille Université, URMITE, UM63, CNRS7278, IRD198, Inserm 1095, Faculté de médecine, 27 Boulevard Jean Moulin, 13385, Marseille Cedex 05, France.",france
2277,International journal of systematic and evolutionary microbiology,"Alicyclobacillus fodiniaquatilis sp. nov., isolated from acid mine water.",2015,"1​Department of Oriental Medicine Biotechnology, College of Life science, Kyung Hee University Global Campus, 1732 Deokyoungdaero, Giheung-gu, Yongin-si, Gyeonggi-do, 446-701, Republic of Korea.",south korea
2284,Extremophiles : life under extreme conditions,"Halopeptonella vilamensis gen. nov, sp. nov., a halophilic strictly aerobic bacterium of the family Ectothiorhodospiraceae.",2016,"Cátedra de Microbiología, Departamento de Biociencias, Facultad de Química y Facultad de Ciencias, Universidad de la República, UDELAR, CC 1157, Montevideo, Uruguay. jmenes@fq.edu.uy",uruguay
2309,International journal of systematic and evolutionary microbiology,"Plantactinospora sonchi sp. nov., an actinobacterium isolated from the leaves of common sowthistle (Sonchus oleraceus L.).",2015,"Department of Bio Technology, Division of Environmental & Life Science, College of Natural Science, Kyonggi University, 94-6 Iui-dong Yeongtong-gu, Suwon-si, 443-760, Republic of Korea.",south korea
2313,International journal of systematic and evolutionary microbiology,"Roseomonas oryzicola sp. nov., isolated from the rhizosphere of rice (Oryza sativa L.).",2015,"1​College of Biotechnology, Dalian Polytechnic University, Qinggong-yuan No.1, Ganjingzi-qu, Dalian 116034, PR China 2​Department of Biotechnology, Hankyong National University, 327 Chungang-no Anseong-si, Kyonggi-do 456-749, Republic of Korea.",china
2321,International journal of systematic and evolutionary microbiology,"Streptobacillus notomytis sp. nov., isolated from a spinifex hopping mouse (Notomys alexis Thomas, 1922), and emended description of Streptobacillus Levaditi et al. 1925, Eisenberg et al. 2015 emend.",2015,"1​China General Microbiological Culture Collection Center, Institute of Microbiology, Chinese Academy of Sciences, Beijing 100101, PR China.",china
2336,International journal of systematic and evolutionary microbiology,"Leucobacter zeae sp. nov., isolated from the rhizosphere of maize (Zea mays L.).",2015,"1​ State Key Laboratory of Microbial Technology, Shandong University, Jinan 250100, PR China.",china
2340,International journal of systematic and evolutionary microbiology,"Burkholderia dipogonis sp. nov., isolated from root nodules of Dipogon lignosus in New Zealand and Western Australia.",2015,"1​Agharkar Research Institute, Maharashtra Association of Cultivation of Sciences, G.G. Agarkar Road, Pune, Maharashtra 411004, India (affiliated to Savitribai Phule Pune University, Pune, Maharashtra 411007, India).",india
2355,International journal of systematic and evolutionary microbiology,"Cryptosporangium cibodasense sp. nov., isolated from leaf litter in Indonesia.",2015,"Department of Life and Nanopharmaceutical Sciences and Department of Biology, Kyung Hee University, Seoul 130-701, Republic of Korea.",south korea
2357,International journal of systematic and evolutionary microbiology,"Micromonospora nickelidurans sp. nov., isolated from soil from a nickel-mining site.",2015,"1​Department of Plant Sciences, School of Life Sciences, University of Hyderabad, P.O. Central University, Hyderabad 500 046, India.",india
2359,International journal of systematic and evolutionary microbiology,"Spiribacter curvatus sp. nov., a moderately halophilic bacterium isolated from a saltern.",2015,"1​Département de Microbiologie F-75015, Institut Pasteur, Collection de l'Institut Pasteur, Paris, France.",france
2365,International journal of systematic and evolutionary microbiology,"Azospirillum soli sp. nov., a nitrogen-fixing species isolated from agricultural soil.",2015,"1​ Department of Microbiology and Parasitology, Faculty of Pharmacy, University of Sevilla, 41012 Sevilla, Spain.",spain
2367,International journal of systematic and evolutionary microbiology,"Alistipes inops sp. nov. and Coprobacter secundus sp. nov., isolated from human faeces.",2015,"State Key Laboratory of Environmental Geochemistry, Institute of Geochemistry, Chinese Academy of Sciences, Guiyang, Guizhou, People's Republic of China.",china
2387,International journal of systematic and evolutionary microbiology,"Sphingomonas fonticola sp. nov., isolated from spring water.",2015,"1​ School of Life Science, Beijing Institute of Technology, Beijing 100081, PR China.",china
2390,International journal of systematic and evolutionary microbiology,Description of Acinetobacter populi sp. nov. isolated from symptomatic bark of Populus x euramericana canker.,2015,"1​Key Laboratory of Tropical Marine Bio-resources and Ecology (LMB), Guangdong Key Laboratory of Marine Materia Medica (LMMM-GD), South China Sea Institute of Oceanology, Chinese Academy of Sciences, Guangzhou 510301, PR China.",china
2395,Antonie van Leeuwenhoek,"A heavy metal tolerant novel bacterium, Bacillus malikii sp. nov., isolated from tannery effluent wastewater.",2015,"National Culture Collection of Pakistan (NCCP), National Institute for Genomics and Advanced Biotechnology (NIGAB), National Agricultural Research Centre (NARC), Park Road, Islamabad, 45500, Pakistan.",pakistan
2397,International journal of systematic and evolutionary microbiology,"Mycobacterium saopaulense sp. nov., a rapidly growing mycobacterium closely related to members of the Mycobacterium chelonae--Mycobacterium abscessus group.",2015,"Key Laboratory for Polar Science of State Oceanic Administration, Polar Research Institute of China, Shanghai, 200136, China. yxzeng@yahoo.com.",china
2409,International journal of systematic and evolutionary microbiology,"Belliella marina sp. nov., isolated from seawater.",2015,"Beijing Agro- Biotechnology Research Center, Beijing Academy of Agriculture and Forestry/Beijing Municipal Key Laboratory of Agricultural Gene Resources and Biotechnology, Beijing, 100097, People's Republic of China.",china
2412,International journal of systematic and evolutionary microbiology,"Bacteroides caecigallinarum sp. nov., isolated from caecum of an Indonesian chicken.",2015,"1​Microbiology Division, Research Center for Biology, Indonesian Institute of Sciences (LIPI), Jl. Raya Bogor Km. 46, Cibinong, 16911, Indonesia.",indonesia
2478,International journal of systematic and evolutionary microbiology,"Nocardia halotolerans sp. nov., a halotolerant actinomycete isolated from saline soil.",2015,"1​Microorganisms Bank, Iranian Biological Resource Center (IBRC), ACECR Tehran, Iran.",iran
2555,Mikrobiologiia,"[Candidatus ""Jettenia moscovienalis"" sp. nov., a New Species of Bacteria Carrying out Anaerobic Ammonium Oxidation].",2015,"Departamento de Microbiología y Parasitología, CIBUS-Facultad de Biología, Universidad de Santiago, 15782, Santiago de Compostela, Spain, anabelen.lopez.dieguez@usc.es.",spain
2556,Mikrobiologiia,"[Rhodobaculum claviforme gen. nov., sp. nov., a New Alkaliphilic Nonsulfur Purple Bacterium].",2015,"Departamento de Microbiología y Parasitología, CIBUS-Facultad de Biología, Universidad de Santiago, 15782, Santiago de Compostela, Spain, anabelen.lopez.dieguez@usc.es.",spain
2558,The Journal of antibiotics,"Actinoplanes bogoriensis sp. nov., a novel actinomycete isolated from leaf litter.",2016,"Reserach Center for Biology, Indonesia Institute of Sciences (LIPI), Cibinong Science Center, West Java, Indonesia.",indonesia
2561,Microbiology and immunology,Streptococcus panodentis sp. nov. from the oral cavities of chimpanzees.,2015,Department of Translational Research.,japan
2562,Antonie van Leeuwenhoek,"A heavy-metal tolerant novel bacterium, Alcaligenes pakistanensis sp. nov., isolated from industrial effluent in Pakistan.",2015,"National Culture Collection of Pakistan, National Institute for Genomics and Advanced Biotechnology (NIGAB), National Agricultural Research Centre (NARC), Park Road, Islamabad, 45500, Pakistan.",pakistan
2566,International journal of systematic and evolutionary microbiology,"Gelidibacter sediminis sp. nov., isolated from a sediment sample of the Yellow Sea.",2015,"Yunnan Institute of Microbiology, School of Life Sciences, Yunnan University, Kunming, 650091, PR China",china
2567,International journal of systematic and evolutionary microbiology,"Marmoricola aquaticus sp. nov., an actinomycete isolated from a marine sponge.",2015,"Yunnan Institute of Microbiology, School of Life Sciences, Yunnan University, Kunming, 650091, PR China",china
2568,International journal of systematic and evolutionary microbiology,"Algoriphagus trabzonensis sp. nov., isolated from freshwater, and emended description of Algoriphagus alkaliphilus.",2015,"Yunnan Institute of Microbiology, School of Life Sciences, Yunnan University, Kunming, 650091, PR China",china
2569,International journal of systematic and evolutionary microbiology,Functional and genomic diversity of methylotrophic Rhodocyclaceae: description of Methyloversatilis discipulorum sp. nov.,2015,"Yunnan Institute of Microbiology, School of Life Sciences, Yunnan University, Kunming, 650091, PR China",china
2573,"Journal of microbiology (Seoul, Korea)","Description of a novel pectin-degrading bacterial species Prevotella pectinovora sp. nov., based on its phenotypic and genomic traits.",2015,"Biotechnical Faculty, Animal Science Department, Division of Microbiology and Microbial Biotechnology, University of Ljubljana, Groblje 3, 1230, Domžale, Slovenia.",slovenia
2585,International journal of systematic and evolutionary microbiology,"Salininema proteolyticum gen. nov., sp. nov., a halophilic rare actinomycete isolated from wetland soil, and emended description of the family Glycomycetaceae.",2015,"Microorganisms Bank, Iranian Biological Resource Centre (IBRC), ACECR Tehran, Iran",iran
2592,International journal of systematic and evolutionary microbiology,"Reclassification of 'Thiobacillus prosperus' Huber and Stetter 1989 as Acidihalobacter prosperus gen. nov., sp. nov., a member of the family Ectothiorhodospiraceae.",2015,"1​ Departamento de Ciencias Biologicas, Facultad de Ciencias Biologicas, Universidad Andres Bello, Santiago, Chile 2​ Center for Bioinformatics and Genome Biology, Fundacion Ciencia & Vida, Santiago, Chile 3​ Laboratorio de Ecofisiología Microbiana, Fundacion Ciencia & Vida, Santiago, Chile.",chile
2598,International journal of systematic and evolutionary microbiology,Glaciimonas alpina sp. nov. isolated from alpine glaciers and reclassification of Glaciimonas immobilis Cr9-12 as the type strain of Glaciimonas alpina sp. nov.,2015,"School of Biology, University of Newcastle, Newcastle upon Tyne, NE1 7RU, UK.",united kingdom
2602,Microbes and environments,"Nitrosomonas stercoris sp. nov., a Chemoautotrophic Ammonia-Oxidizing Bacterium Tolerant of High Ammonium Isolated from Composted Cattle Manure.",2015,"College of Bioresource Sciences, Nihon University.",japan
2637,Antonie van Leeuwenhoek,"Bounagaea algeriensis gen. nov., sp. nov., an extremely halophilic actinobacterium isolated from a Saharan soil of Algeria.",2015,"Laboratoire de Biologie des Systèmes Microbiens (LBSM), Ecole Normale Supérieure de Kouba, Alger, Algeria.",algeria
2738,International journal of systematic and evolutionary microbiology,"Aquipuribacter nitratireducens sp. nov., isolated from a soil sample of a mud volcano.",2015,"1​ Centre for Cellular and Molecular Biology, Uppal Road, Hyderabad -500 007, India.",india
2789,Mikrobiologiia,"[Roseibacula alcaliphilum gen. nov. sp. nov., a new alkaliphilic aerobic anoxygenic phototrophic bacterium from a meromictic soda Lake Doroninskoe (East Siberia, Russia)].",2014,"1Key Laboratory of Tibetan Environment Changes and Land Surface Processes, Institute of Tibetan Plateau Research, Chinese Academy of Sciences, Beijing 100101, PR China 2Key Laboratory of Alpine Ecology and Biodiversity, Institute of Tibetan Plateau Research, Chinese Academy of Sciences, Beijing 100101, PR China.",china
2806,International journal of systematic and evolutionary microbiology,"Actinoalloteichus hoggarensis sp. nov., an actinomycete isolated from Saharan soil.",2015,"1Laboratoire de Biologie des Systèmes Microbiens (LBSM), Ecole Normale Supérieure de Kouba, Alger, Algeria.",algeria
2818,Journal of veterinary science,"Helicobacter apodemus sp. nov., a new Helicobacter species identified from the gastrointestinal tract of striped field mice in Korea.",2015,"Laboratory of Developmental Biology and Genomics, College of Veterinary Medicine, BIO-MAX Institute, Program for Cancer Biology, and Interdisciplinary Program for Bioinformatics, BK21Plus Program fo.",south korea
2890,International journal of systematic and evolutionary microbiology,"Prauserella isguenensis sp. nov., a halophilic actinomycete isolated from desert soil.",2015,"Laboratoire de Biologie des Systèmes Microbiens (LBSM), Ecole Normale Supérieure, Kouba, Alger, Algeria.",algeria
2897,Archives of microbiology,"Description of Thalassospira lohafexi sp. nov., isolated from Southern Ocean, Antarctica.",2015,"CSIR-Centre for Cellular and Molecular Biology, Uppal Road, Hyderabad, 500 007, India.",india
2928,International journal of systematic and evolutionary microbiology,"Saccharothrix tamanrassetensis sp. nov., an actinomycete isolated from Saharan soil.",2015,"Laboratoire de Biologie des Systèmes Microbiens (LBSM), Ecole Normale Supérieure de Kouba, Alger, Algeria.",algeria
2950,Antonie van Leeuwenhoek,"Kushneria pakistanensis sp. nov., a novel moderately halophilic bacterium isolated from rhizosphere of a plant (Saccharum spontaneum) growing in salt mines of the Karak area in Pakistan.",2015,"National Culture Collection of Pakistan, National Institute for Genomics and Advanced Biotechnology (NIGAB), National Agricultural Research Centre (NARC), Park Road, Islamabad, 45500, Pakistan.",pakistan
3036,Antonie van Leeuwenhoek,"Streptococcus tangierensis sp. nov. and Streptococcus cameli sp. nov., two novel Streptococcus species isolated from raw camel milk in Morocco.",2015,"Laboratoire de Microbiologie et Biologie Moléculaire (LMBM), Centre National pour la Recherche Scientifique et Technique (CNRST), Angle av. Allal El Fassi, av.des FAR, Quartier Hay Ryad, Nations Unies, B.P. 8027, 10102, Rabat, Morocco.",morocco
3061,Current microbiology,"Actinopolyspora biskrensis sp. nov., a novel halophilic actinomycete isolated from Northern Sahara.",2015,"Laboratoire de Biologie des Systèmes Microbiens (LBSM), Ecole Normale Supérieure, Kouba, Alger, Algeria.",algeria
3085,International journal of systematic and evolutionary microbiology,"Arachidicoccus rhizosphaerae gen. nov., sp. nov., a plant-growth-promoting bacterium in the family Chitinophagaceae isolated from rhizosphere soil.",2015,"Department of Agricultural Microbiology, Tamil Nadu Agricultural University, Coimbatore 641 003, Tamil Nadu, India Temasek Lifesciences Laboratory, 1 Research Link, National University of Singapore, Singapore 117604 mmadhaiyan@hotmail.com.",india
3089,Antonie van Leeuwenhoek,"Rhizobium pakistanensis sp. nov., isolated from groundnut (Arachis hypogaea) nodules grown in rainfed Pothwar, Pakistan.",2015,"Department of Soil Science & Soil Water Conservation, PMAS-Arid Agriculture University, Rawalpindi, Pakistan, rabiakhalid_2000@yahoo.com.",pakistan
3107,Antonie van Leeuwenhoek,"Nocardiopsis algeriensis sp. nov., an alkalitolerant actinomycete isolated from Saharan soil.",2015,"Laboratoire de Biologie des Systèmes Microbiens (LBSM), Ecole Normale Supérieure de Kouba, Alger, Algeria.",algeria
3108,Antonie van Leeuwenhoek,"Actinokineospora mzabensis sp. nov., a novel actinomycete isolated from Saharan soil.",2015,"Laboratoire de Biologie des Systèmes Microbiens (LBSM), Ecole Normale Supérieure de Kouba, Algiers, Algeria.",algeria
3254,Antonie van Leeuwenhoek,"Antarctobacter jejuensis sp. nov., isolated from seawater in Jeju, Korea.",2014,"Microbiological Resources Center, KRIBB, Daejeon, 305-806, Republic of Korea, hmkim@kribb.re.kr.",south korea
3259,Antonie van Leeuwenhoek,"Mzabimyces algeriensis gen. nov., sp. nov., a halophilic filamentous actinobacterium isolated from a Saharan soil, and proposal of Mzabimycetaceae fam. nov.",2014,"Laboratoire de Biologie des Systèmes Microbiens (LBSM), Ecole Normale Supérieure de Kouba, Alger, Algeria.",algeria
3316,Antonie van Leeuwenhoek,"Siansivirga jejuensis [corrected] sp. nov., isolated from seawater of Jeju Island in Korea and emendation of the genus Siansivirga.",2014,"Microbial Metabolite Division, GFC, 309 GFC, Tower-Dong, Heungdeok IT Valley, 13, Heungdeok 1-Ro, Giheung-gu, Yongin, 446-908, Gyeonggi-do, Republic of Korea, rhaoddl@hanmail.net.",south korea
3332,International journal of systematic and evolutionary microbiology,"Salinispirillum marinum gen. nov., sp. nov., a haloalkaliphilic bacterium in the family 'Saccharospirillaceae'.",2014,"Microorganisms Bank, Iranian Biological Resource Centre (IBRC), ACECR, Tehran, Iran.",iran
3366,Antonie van Leeuwenhoek,"Nocardia vulneris sp. nov., isolated from wounds of human patients in North America.",2014,"State Key Laboratory of Microbial Resources, Institute of Microbiology, Chinese Academy of Sciences, Beijing 100101, PR China University of Chinese Academy of Sciences, Beijing 100049, PR China.",china
3375,Current microbiology,"Bacillus aequororis sp. nov., isolated from marine sediment.",2014,"MTCC- Microbial Type Culture Collection and Gene Bank, Chandigarh, 160 036, India.",india
3376,The Journal of general and applied microbiology,"Bacillus shacheensis sp. nov., a moderately halophilic bacterium isolated from a saline-alkali soil.",2014,"Key Laboratory of Leather Chemistry and Engineering, Ministry of Education and College of Light Industry, Textile & Food Engineering, Sichuan University.",china
3397,International journal of systematic and evolutionary microbiology,"Phylogenetic analyses of the genus Glaciecola: emended description of the genus Glaciecola, transfer of Glaciecola mesophila, G. agarilytica, G. aquimarina, G. arctica, G. chathamensis, G. polaris and G. psychrophila to the genus Paraglaciecola gen. nov. as Paraglaciecola mesophila comb. nov., P. agarilytica comb. nov., P. aquimarina comb. nov., P. arctica comb. nov., P. chathamensis comb. nov., P. polaris comb. nov. and P. psychrophila comb. nov., and description of Paraglaciecola oceanifecundans sp. nov., isolated from the Southern Ocean.",2014,"CSIR - Centre for Cellular and Molecular Biology, Uppal Road, Hyderabad 500 007, India.",india
3482,The Journal of general and applied microbiology,"Flavobacterium panaciterrae sp. nov., a β-glucosidase producing bacterium with ginsenoside-converting activity isolated from the soil of a ginseng field.",2014,"Department of Oriental Medicinal Material & Processing, College of Life Science, Kyung Hee University.",south korea
3484,Antonie van Leeuwenhoek,"Streptomonospora algeriensis sp. nov., a halophilic actinomycete isolated from soil in Algeria.",2014,"Laboratoire de Biologie des Systèmes Microbiens (LBSM), Ecole Normale Supérieure de Kouba, Algiers, Algeria.",algeria
3541,International journal of systematic and evolutionary microbiology,"Streptococcus moroccensis sp. nov. and Streptococcus rifensis sp. nov., isolated from raw camel milk.",2014,"Laboratoire de Microbiologie et Biologie Moléculaire, Centre National pour la Recherche Scientifique et Technique (LMBM/CNRST), Angle av. Allal El Fassi, av. des FAR, Quartier Hay Ryad, BP. 8027 Nations Unies, 10102 Rabat, Morocco Laboratoire de Biotechnologie Microbienne, Faculté des Sciences et Techniques de Fès-Saïs, B.P. 2202, Route d'Imouzzer, Fez, Morocco.",morocco
3545,Antonie van Leeuwenhoek,"Bacillus pakistanensis sp. nov., a halotolerant bacterium isolated from salt mines of the Karak Area in Pakistan.",2014,"National Culture Collection of Pakistan (NCCP), National Institute for Genomics and Advanced Biotechnology (NIGAB), National Agricultural Research Center (NARC), Park Road, Islamabad, 45500, Pakistan.",pakistan
3611,Antonie van Leeuwenhoek,"Pedobacter seoulensis sp. nov., isolated from soil of a bamboo field.",2014,"Department of Clinical Laboratory Sciences and Medical Biotechnology, National Taiwan University College of Medicine, Taipei, Taiwan, ROC.",taiwan
3614,International journal of systematic and evolutionary microbiology,"Rhodanobacter glycinis sp. nov., a yellow-pigmented gammaproteobacterium isolated from the rhizoplane of field-grown soybean.",2014,"Department of Agricultural Microbiology, Tamilnadu Agricultural University, Coimbatore 641 003, Tamilnadu, India Biomaterials and Biocatalysts, Temasek Life Sciences Laboratory, National University of Singapore, Singapore 117604 mmadhaiyan@hotmail.com.",singapore
3624,Microbes and environments,"The growth of Steroidobacter agariperforans sp. nov., a novel agar-degrading bacterium isolated from soil, is enhanced by the diffusible metabolites produced by bacteria belonging to Rhizobiales.",2014,"Faculty of Agriculture, Kagoshima University.",japan
3625,Journal of environmental biology,Isolation and characterization of a novel bacterial strain Shewanella marinisediminis sp. nov. from deep-sea sediments.,2013,"Faculty of Agriculture, Kagoshima University.",japan
3630,Archives of microbiology,"Petrotoga japonica sp. nov., a thermophilic, fermentative bacterium isolated from Yabase Oilfield in Japan.",2014,"School of Life Science and Technology, Bandung Institute of Technology, Ganesha 10, Bandung, West Java, 40132, Indonesia, isty@sith.itb.ac.id.",indonesia
3643,International journal of systematic and evolutionary microbiology,"Description of Helicobacter valdiviensis sp. nov., an Epsilonproteobacteria isolated from wild bird faecal samples.",2014,"Institute of Biochemistry and Microbiology, Faculty of Sciences, Universidad Austral de Chile, Valdivia, Chile luiscollado@uach.cl.",chile
3695,The Journal of general and applied microbiology,"Sediminicoccus rosea gen. nov. sp. nov., isolated from the sediment of a eutrophic lake.",2013,"College of Biological Engineering, Henan University of Technology.",china
3741,International journal of systematic and evolutionary microbiology,"Cyclobacterium halophilum sp. nov., a marine bacterium isolated from a coastal-marine wetland.",2014,"Microorganisms Bank, Iranian Biological Resource Centre (IBRC), ACECR, Tehran, Iran.",iran
3776,International journal of systematic and evolutionary microbiology,"Alloactinosynnema iranicum sp. nov., a rare actinomycete isolated from a hypersaline wetland, and emended description of the genus Alloactinosynnema.",2014,"Microorganisms Bank, Iranian Biological Resource Centre (IBRC), ACECR Tehran, Iran.",iran
3799,Biocontrol science,"Roseomonas tokyonensis sp. nov. isolated from a biofilm sample obtained from a cooling tower in Tokyo, Japan.",2013,"School of Life and Environmental Science, Azabu University.",japan
3810,The Journal of antibiotics,"Saccharopolyspora ghardaiensis sp. nov., an extremely halophilic actinomycete isolated from Algerian Saharan soil.",2014,"1] Laboratoire de Biologie des Systèmes Microbiens (LBSM), Ecole Normale Supérieure de Kouba, Alger, Algeria [2] Faculté des sciences Agronomiques, Vétérinaires et Biologiques, Département de Biologie, Université Saâd Dahleb, Blida, Algeria.",algeria
3818,Antonie van Leeuwenhoek,"Sphingobacterium pakistanensis sp. nov., a novel plant growth promoting rhizobacteria isolated from rhizosphere of Vigna mungo.",2014,"National Culture Collection of Pakistan (NCCP), National Institute for Genomics and Advanced Biotechnology (NIGAB), National Agricultural Research Center (NARC), Park Road, Islamabad, 45500, Pakistan, iftikharnarc@hotmail.com.",pakistan
3827,International journal of systematic and evolutionary microbiology,Phyllobacterium loti sp. nov. isolated from nodules of Lotus corniculatus.,2014,"Laboratorio de Bioquímica, Facultad de Agronomía, Universidad de la República, Montevideo, Uruguay.",uruguay
3848,The Journal of general and applied microbiology,"Idiomarina piscisalsi sp. nov., from fermented fish (pla-ra) in Thailand.",2013,"Department of Biochemistry and Microbiology, Faculty of Pharmaceutical Sciences, Chulalongkorn University.",thailand
3849,The Journal of general and applied microbiology,"Swingsia samuiensis gen. nov., sp. nov., an osmotolerant acetic acid bacterium in the α-Proteobacteria.",2013,"BIOTEC Culture Collection (BCC), National Center for Genetic Engineering and Biotechnology (BIOTEC), National Science and Technology Development Agency (NSTDA).",thailand
3850,The Journal of general and applied microbiology,"Sphingobacterium ginsenosidimutans sp. nov., a bacterium with ginsenoside-converting activity isolated from the soil of a ginseng field.",2013,"Department of Oriental Medicinal Material & Processing College of Life Sciences, Kyung Hee University.",south korea
3901,Antonie van Leeuwenhoek,Fontibacillus phaseoli sp. nov. isolated from Phaseolus vulgaris nodules.,2014,"Department of Microbial & Nano Materials, Mokwon University, Daejeon 302-729, Republic of Korea.",south korea
3902,Antonie van Leeuwenhoek,"Caldimonas meghalayensis sp. nov., a novel thermophilic betaproteobacterium isolated from a hot spring of Meghalaya in northeast India.",2013,"Department of Microbial & Nano Materials, Mokwon University, Daejeon 302-729, Republic of Korea.",south korea
3924,Antonie van Leeuwenhoek,"Desulfotomaculum tongense sp. nov., a moderately thermophilic sulfate-reducing bacterium isolated from a hydrothermal vent sediment collected from the Tofua Arc in the Tonga Trench.",2013,"Key Laboratory of Biogeography and Bioresource in Arid Land, Xinjiang Institute of Ecology and Geography, Chinese Academy of Sciences, Ürűmqi, 830011, People's Republic of China.",china
3959,Antonie van Leeuwenhoek,"Pseudoalteromonas xishaensis sp. nov., isolated from Acanthaster planci in the Xisha islands.",2013,"Aix Marseille Université, CNRS/INSU, IRD, Mediterranean Institute of Oceanography (MIO), UM 110, 13288 Marseille.",france
3960,Antonie van Leeuwenhoek,"Coralslurrinella hongkonensis gen. nov., sp. nov., a novel bacterium in the family Psychromonadaceae, isolated from the coral Platygyra carnosus.",2013,"Aix Marseille Université, CNRS/INSU, IRD, Mediterranean Institute of Oceanography (MIO), UM 110, 13288 Marseille.",france
3968,Systematic and applied microbiology,"Mycoplasma feriruminatoris sp. nov., a fast growing Mycoplasma species isolated from wild Caprinae.",2013,"International Livestock Research Institute, PO Box 30709, 00100 Nairobi, Kenya. Electronic address: jores@web.de.",kenya
4019,International journal of systematic and evolutionary microbiology,"Myroides guanonis sp. nov., isolated from prehistoric paintings.",2013,"Institute of Microbiology, Bulgarian Academy of Sciences, 'Acad. G. Bonchev' Str. 26, 1113 Sofia, Bulgaria.",bulgaria
4071,International journal of systematic and evolutionary microbiology,"Pseudomonas guariconensis sp. nov., isolated from rhizospheric soil.",2013,"Laboratorio de Estudios Ambientales, Instituto de Zoología Tropical, Facultad de Ciencias, Universidad Central de Venezuela, Caracas, Venezuela.",venezuela
4101,Mikrobiologiia,[Spirosoma xylofaga sp. nov. - oligotrophic pleomorphic bacterium of mycobacterial consortia of fresh water ecosystem].,2013,"Department of Science Education, Jeju National University, Jeju 690-756, Republic of Korea.",south korea
4122,Antonie van Leeuwenhoek,"Actinopolyspora righensis sp. nov., a novel halophilic actinomycete isolated from Saharan soil in Algeria.",2013,"Laboratoire de Biologie des Systèmes Microbiens, Ecole Normale Supérieure de Kouba, Alger, Algeria.",algeria
4176,International journal of systematic and evolutionary microbiology,"Actinopolyspora mzabensis sp. nov., a halophilic actinomycete isolated from an Algerian Saharan soil.",2013,"Laboratoire de Biologie des Systèmes Microbiens (LBSM), Ecole Normale Supérieure de Kouba, Alger, Algeria.",algeria
4194,International journal of systematic and evolutionary microbiology,"Saccharothrix saharensis sp. nov., an actinomycete isolated from Algerian Saharan soil.",2013,"Laboratoire de Biologie des Systèmes Microbiens (LBSM), Ecole Normale Supérieure de Kouba, Alger, Algeria.",algeria
4222,Systematic and applied microbiology,"Definition of a novel symbiovar (sv. retamae) within Bradyrhizobium retamae sp. nov., nodulating Retama sphaerocarpa and Retama monosperma.",2013,"Laboratoire de Biologie des Plantes et des Microorganismes, Faculté des Sciences, Université Mohamed Premier, Oujda, Morocco.",morocco
4266,International journal of systematic and evolutionary microbiology,"Marinococcus tarijensis sp. nov., a moderately halophilic bacterium isolated from a salt mine.",2013,"Center of Biotechnology, Faculty of Sciences and Technology, Universidad Mayor de San Simón, Cochabamba, Bolivia.",bolivia
4337,International journal of systematic and evolutionary microbiology,"Paenisporosarcina indica sp. nov., a psychrophilic bacterium from a glacier, and reclassification of Sporosarcina antarctica Yu et al., 2008 as Paenisporosarcina antarctica comb. nov. and emended description of the genus Paenisporosarcina.",2013,"Centre for Cellular and Molecular Biology Uppal Road, Hyderabad 500 007, India.",india
4376,International journal of systematic and evolutionary microbiology,"Iodobacter arcticus sp. nov., a psychrotolerant bacterium isolated from meltwater stream sediment of an Arctic glacier.",2013,"CSIR-Centre for Cellular and Molecular Biology Uppal Road, Hyderabad 500 007, India. shivas@ccmb.res.in",india
4399,Systematic and applied microbiology,"Gluconacetobacter maltaceti sp. nov., a novel vinegar producing acetic acid bacterium.",2013,"University of Maribor, Faculty of Natural Sciences and Mathematics, Department of Biology, Maribor, Slovenia.",slovenia
4424,Antonie van Leeuwenhoek,"Exiguobacterium himgiriensis sp. nov. a novel member of the genus Exiguobacterium, isolated from the Indian Himalayas.",2013,"A Constituent Laboratory of Council of Scientific and Industrial Research (CSIR), Chandigarh, India.",india
4429,International journal of systematic and evolutionary microbiology,"Pleomorphomonas diazotrophica sp. nov., an endophytic N-fixing bacterium isolated from root tissue of Jatropha curcas L.",2013,"Biomaterials and Biocatalysts Group, Temasek Life Sciences Laboratory, 1 Research Link, National University of Singapore, Singapore.",singapore
4439,Antonie van Leeuwenhoek,"Actinopolyspora saharensis sp. nov., a novel halophilic actinomycete isolated from a Saharan soil of Algeria.",2013,"Laboratoire de Biologie des Systèmes Microbiens (LBSM), Ecole Normale Supérieure de Kouba, Alger, Algeria.",algeria
4441,Antonie van Leeuwenhoek,Isolation and characterization of a novel violacein-like pigment producing psychrotrophic bacterial species Janthinobacterium svalbardensis sp. nov.,2013,"Department of Biology, Chair for Molecular Genetics and Biology of Microorganisms, University of Ljubljana, Biotechnical Faculty, Večna Pot 111, 1000, Ljubljana, Slovenia.",slovenia
4498,Journal of bacteriology,"Draft genome sequence of Pontibacter sp. nov. BAB1700, a halotolerant, industrially important bacterium.",2012,"Gujarat State Biotechnology Mission, Department of Science & Technology, Udyog Bhavan, Gandhinagar, Gujarat, India.",india
4528,International journal of systematic and evolutionary microbiology,"Caldicoprobacter guelmensis sp. nov., a thermophilic, anaerobic, xylanolytic bacterium isolated from a hot spring.",2013,"Laboratoire de Biologie Cellulaire et Moléculaire (Equipe de Microbiologie) Faculté de Biologie-Université des Sciences et de la Technologie Houari Boumediene, Bab ezzouar, Alger, Algérie.",algeria
4590,International journal of systematic and evolutionary microbiology,"Aureimonas jatrophae sp. nov. and Aureimonas phyllosphaerae sp. nov., leaf-associated bacteria isolated from Jatropha curcas L.",2013,"Biomaterials and Biocatalysts Group, Temasek Life Sciences Laboratory (TLL), 1 Research Link, National University of Singapore (NUS), Singapore 117604.",singapore
4604,International journal of systematic and evolutionary microbiology,"Winogradskyella psychrotolerans sp. nov., a marine bacterium of the family Flavobacteriaceae isolated from Arctic sediment.",2013,"Centre for Cellular and Molecular Biology, Uppal Road, Hyderabad-500 007, India.",india
4605,International journal of systematic and evolutionary microbiology,"Arcticibacter svalbardensis gen. nov., sp. nov., of the family Sphingobacteriaceae in the phylum Bacteroidetes, isolated from Arctic soil.",2013,"Centre for Cellular and Molecular Biology, Uppal Road, Hyderabad-500 007, India.",india
4632,Extremophiles : life under extreme conditions,"Actinopolyspora algeriensis sp. nov., a novel halophilic actinomycete isolated from a Saharan soil.",2012,"Laboratoire de Biologie des Systèmes Microbiens (LBSM), Ecole Normale Supérieure de Kouba, B.P. 92, 16 050 Kouba, Alger, Algeria. atika_mek@yahoo.fr",algeria
4656,International journal of systematic and evolutionary microbiology,"Jatrophihabitans endophyticus gen. nov., sp. nov., an endophytic actinobacterium isolated from a surface-sterilized stem of Jatropha curcas L.",2013,"Biomaterials and Biocatalysts Group, Temasek Life Sciences Laboratory, 1 Research Link, National University of Singapore, Singapore 117604.",singapore
4672,Systematic and applied microbiology,Bradyrhizobium rifense sp. nov. isolated from effective nodules of Cytisus villosus grown in the Moroccan Rif.,2012,"Department of Biology, Faculty of Sciences and Techniques, University Abdelmalek Essaadi, Tangier, Morocco.",morocco
4684,International journal of systematic and evolutionary microbiology,"Litorilinea aerophila gen. nov., sp. nov., an aerobic member of the class Caldilineae, phylum Chloroflexi, isolated from an intertidal hot spring.",2013,"Matís, Vínlandsleið 12, IS-113 Reykjavík, Iceland.",iceland
4771,International journal of systematic and evolutionary microbiology,"Lacinutrix himadriensis sp. nov., a psychrophilic bacterium isolated from a marine sediment, and emended description of the genus Lacinutrix.",2013,"Centre for Cellular and Molecular Biology, Uppal Road, Hyderabad-500 007, India.",india
4806,International journal of systematic and evolutionary microbiology,"Saccharothrix hoggarensis sp. nov., an actinomycete isolated from Saharan soil.",2013,"Laboratoire de Biologie des Systèmes Microbiens (LBSM), Ecole Normale Supérieure de Kouba, BP 92, 16 050 Kouba, Algiers, Algeria.",algeria
5003,Mikrobiologiia,"[Magnetospirillum aberrantis sp. nov., a new freshwater bacterium with magnetic inclusions].",2011,"Institute of Ecology and Genetics of Microorganisms, Russian Academy of Sciences, Ural Branch, 13, Goleva str., Perm, 614081, Russia. peg@iegm.ru",russia
5050,International journal of systematic and evolutionary microbiology,"Cecembia lonarensis gen. nov., sp. nov., a haloalkalitolerant bacterium of the family Cyclobacteriaceae, isolated from a haloalkaline lake and emended descriptions of the genera Indibacter, Nitritalea and Belliella.",2012,"Centre for Cellular and Molecular Biology, Uppal Road, Hyderabad 500 007, India.",india
5078,International journal of systematic and evolutionary microbiology,"Cyclobacterium qasimii sp. nov., a psychrotolerant bacterium isolated from Arctic marine sediment.",2012,"Centre for Cellular and Molecular Biology, Uppal Road, Hyderabad-500 007, Andhra Pradesh, India. shivas@ccmb.res.in",india
5093,International journal of systematic and evolutionary microbiology,"Lutibaculum baratangense gen. nov., sp. nov., a proteobacterium isolated from a mud volcano.",2012,"Centre for Cellular and Molecular Biology, Uppal Road, Hyderabad-500 007, India.",india
5099,International journal of systematic and evolutionary microbiology,"Oceanisphaera arctica sp. nov., isolated from Arctic marine sediment, and emended description of the genus Oceanisphaera.",2012,"Centre for Cellular and Molecular Biology, Uppal Road, Hyderabad 500 007, India.",india
5167,Emerging infectious diseases,"Mycoplasma leachii sp. nov. in calves, China.",2011,"Environmental Biotechnology Research Centre, Korea Research Institute of Bioscience & Biotechnology, Yuseong-gu, Daejeon, Republic of Korea.",south korea
5219,Mikrobiologiia,[A new large alkaliphilic purple sulfur bacteria Ectothiorhodospira magna sp. nov].,2010,"Microbiologia, Departament de Biologia, Universitat de les Illes Balears, 07122 Palma de Mallorca, Illes Balears, Spain.",spain
5324,International journal of systematic and evolutionary microbiology,"Bacillus iranensis sp. nov., a moderate halophile from a hypersaline lake.",2012,"Microorganisms Bank, Iranian Biological Resource Centre (IBRC), ACECR, Teheran, Iran.",iran
5475,International journal of systematic and evolutionary microbiology,"Bradyrhizobium cytisi sp. nov., isolated from effective nodules of Cytisus villosus.",2011,"Department of Biology, Faculty of Sciences and Techniques, University Abdelmalek Essaadi, Tangier, Morocco.",morocco
5527,International journal of systematic and evolutionary microbiology,"Methylogaea oryzae gen. nov., sp. nov., a mesophilic methanotroph isolated from a rice paddy field.",2011,"Cátedra de Microbiología, Facultad de Química y Facultad de Ciencias, Universidad de la República-UDELAR, CC1157 Montevideo, Uruguay.",uruguay
5575,Current microbiology,"Caldicoprobacter algeriensis sp. nov. a new thermophilic anaerobic, xylanolytic bacterium isolated from an Algerian hot spring.",2011,"Laboratoire de Biologie Cellulaire et Moléculaire (équipe de Microbiologie), Université des sciences et de la technologie Houari Boumédiènne, Bab Ezzouar, Algiers, Algeria.",algeria
5642,International journal of systematic and evolutionary microbiology,"Mycobacterium algericum sp. nov., a novel rapidly growing species related to the Mycobacterium terrae complex and associated with goat lung lesions.",2011,"Veterinary Department, University Saad Dahlab, Blida, Algeria.",algeria
5712,International journal of systematic and evolutionary microbiology,"Cesiribacter andamanensis gen. nov., sp. nov., isolated from a soil sample from a mud volcano.",2011,"Centre for Cellular and Molecular Biology, Uppal Road, Hyderabad 500 007, India.",india
5746,International journal of systematic and evolutionary microbiology,"Halomonas vilamensis sp. nov., isolated from high-altitude Andean lakes.",2011,"Cátedra de Microbiología, Facultad de Química y Facultad de Ciencias, UDELAR C.C. 1157. Montevideo, Uruguay.",uruguay
5785,International journal of systematic and evolutionary microbiology,"Streptomyces youssoufiensis sp. nov., isolated from a Moroccan phosphate mine.",2011,"Faculté de Sciences Semlalia, Université Cadi Ayyad, Laboratoire de Biologie et de Biotechnologie des Microorganismes, Marrakesh, Morocco.",morocco
5861,Mikrobiologiia,[Xanthobacter xylophilus sp.nov.--an xylotrophic myco-bacterial association from fresh water].,2010,"Department of Microbiology, Institute of Biology, University of Bialystok, Swierkowa 20 B, 15-950 Bialystok, Poland. thausch@uwb.edu.pl <thausch@uwb.edu.pl>",poland
5862,Systematic and applied microbiology,"Pseudomonas arsenicoxydans sp nov., an arsenite-oxidizing strain isolated from the Atacama desert.",2010,"Microbiology Department, Biological Science Faculty, Concepción University, P.O. Box 160-C, Concepción, Chile. vcampos@udec.cl <vcampos@udec.cl>",chile
5893,International journal of systematic and evolutionary microbiology,"Indibacter alkaliphilus gen. nov., sp. nov., an alkaliphilic bacterium isolated from a haloalkaline lake.",2010,"Centre for Cellular and Molecular Biology, Uppal Road, Hyderabad 500 007, India.",india
5933,International journal of systematic and evolutionary microbiology,"Hydrogenophilus islandicus sp. nov., a thermophilic hydrogen-oxidizing bacterium isolated from an Icelandic hot spring.",2011,"Faculty of Natural Resource Science, University of Akureyri, Borgir v. Nordurslod, 600 Akureyri, Iceland.",iceland
5969,International journal of systematic and evolutionary microbiology,"Thiomonas islandica sp. nov., a moderately thermophilic, hydrogen- and sulfur-oxidizing betaproteobacterium isolated from a hot spring.",2011,"Faculty of Natural Resource Science, University of Akureyri, Borgir v. Nordurslod, 600 Akureyri, Iceland.",iceland
6037,International journal of systematic and evolutionary microbiology,"Rhodothermus profundi sp. nov., a thermophilic bacterium isolated from a deep-sea hydrothermal vent in the Pacific Ocean.",2010,"Matis Vinlandsleid 12, IS-113, Reykjavik, Iceland. viggo.th.marteinsson@matis.is",iceland
6088,International journal of systematic and evolutionary microbiology,"Nitritalea halalkaliphila gen. nov., sp. nov., an alkaliphilic bacterium of the family 'Cyclobacteriaceae', phylum Bacteroidetes.",2010,"Centre for Cellular and Molecular Biology, Uppal Road, Hyderabad - 500 007, India.",india
6093,International journal of systematic and evolutionary microbiology,"Actinokineospora baliensis sp. nov., Actinokineospora cibodasensis sp. nov. and Actinokineospora cianjurensis sp. nov., isolated from soil and plant litter.",2010,"Research Center for Biotechnology, Indonesian Institute of Sciences, Jl. Raya Bogor Km. 46, Cibinong 16911, Indonesia. puspita.lisdiyanti@lipi.go.id",indonesia
6120,International journal of systematic and evolutionary microbiology,"Weissella beninensis sp. nov., a motile lactic acid bacterium from submerged cassava fermentations, and emended description of the genus Weissella.",2010,"Departement de Nutrition et Sciences Alimentaires, Université d'Abomey-Calavi, Cotonou, Bénin.",benin
6141,Mikrobiologiia,[Natronincola ferrireducens sp.nov. and Natronincola peptidovorans sp.nov.- new anaerobic alkaliphilic peptide lysing and iron reducing bacteria from soda lake ].,2009,"Department of Biological Science, Sunchon National University, Suncheon 540-742, Republic of Korea.",south korea
6142,Mikrobiologiia,[New alkaliphilic peptide fermenting and Fe(III) regenerating bacteria Alkaliphilus peptidofermentans sp.nov. from soda lake].,2009,"Department of Biological Science, Sunchon National University, Suncheon 540-742, Republic of Korea.",south korea
6165,International journal of systematic and evolutionary microbiology,"Paenibacillus glacialis sp. nov., isolated from the Kafni glacier of the Himalayas, India.",2010,"Centre for Cellular and Molecular Biology, Uppal Road, Hyderabad 500 007, India.",india
6166,International journal of systematic and evolutionary microbiology,"Arthrobacter antarcticus sp. nov., isolated from an Antarctic marine sediment.",2010,"Centre for Cellular and Molecular Biology, Hyderabad 500 007, India.",india
6183,International journal of systematic and evolutionary microbiology,"Chryseobacterium solincola sp. nov., isolated from soil.",2010,"Laboratoire de Microbiologie, Département de BCM, Faculté des sciences biologiques, Université des Sciences et de Technologie Houari Boumédiène, Bab Ezzouar, Alger, Algeria.",algeria
6225,International journal of systematic and evolutionary microbiology,"Ochrobactrum ciceri sp. nov., isolated from nodules of Cicer arietinum.",2010,"National Institute for Biotechnology and Genetic Engineering (NIBGE), Faisalabad, Pakistan. asmaaslam2001@yahoo.com",pakistan
6281,International journal of systematic and evolutionary microbiology,"Rickettsia hoogstraalii sp. nov., isolated from hard- and soft-bodied ticks.",2010,"University of Ljubljana, Institute of Microbiology and Immunology, Ljubljana, Slovenia. darja.duh@mf.uni-lj.si",slovenia
6337,International journal of systematic and evolutionary microbiology,"Cryobacterium roopkundense sp. nov., a psychrophilic bacterium isolated from glacial soil.",2010,"Centre for Cellular and Molecular Biology, Uppal Road, Hyderabad 500007, India.",india
6355,International journal of systematic and evolutionary microbiology,"Multilocus sequence analysis of root nodule isolates from Lotus arabicus (Senegal), Lotus creticus, Argyrolobium uniflorum and Medicago sativa (Tunisia) and description of Ensifer numidicus sp. nov. and Ensifer garamanticus sp. nov.",2010,"Laboratoire de Rhizobiologie, Université d'Oran, Es-Senia, Algeria.",algeria
6456,International journal of systematic and evolutionary microbiology,"Chryseobacterium piscicola sp. nov., isolated from diseased salmonid fish.",2009,"Laboratorio de Veterquímica, Camino Melipilla 5641, Cerrillos, Santiago, Chile.",chile
6465,International journal of systematic and evolutionary microbiology,"Streptomyces thinghirensis sp. nov., isolated from rhizosphere soil of Vitis vinifera.",2009,"Laboratoire de Biologie et Biotechnologie des Microorganismes, Faculté des Sciences Semlalia, Université Cadi Ayyad, B.P S-2390, Marrakech, Morocco.",morocco
6469,International journal of systematic and evolutionary microbiology,"Janibacter hoylei sp. nov., Bacillus isronensis sp. nov. and Bacillus aryabhattai sp. nov., isolated from cryotubes used for collecting air from the upper atmosphere.",2009,"Centre for Cellular and Molecular Biology, Uppal Road, Hyderabad 500 007, India. shivas@ccmb.res.in",india
6504,International journal of systematic and evolutionary microbiology,"Streptomyces marokkonensis sp. nov., isolated from rhizosphere soil of Argania spinosa L.",2009,"Faculté des Sciences Semlalia, Université Cadi Ayyad, Marrakech, Morocco. b.bouizgarne@ucam.ac.ma",morocco
6513,International journal of systematic and evolutionary microbiology,"Thermus islandicus sp. nov., a mixotrophic sulfur-oxidizing bacterium isolated from the Torfajokull geothermal area.",2009,"Matis-Prokaria, Gylfaflot 5, IS-112 Reykjavik, Iceland.",iceland
6515,International journal of systematic and evolutionary microbiology,"Bhargavaea cecembensis gen. nov., sp. nov., isolated from the Chagos-Laccadive ridge system in the Indian Ocean.",2009,"Centre for Cellular and Molecular Biology, Uppal Road, Hyderabad 500 007, India.",india
6634,Mikrobiologiia,"[Phylogeny of the purple sulfur bacterium Thiocapsa sp. strain BBS on the basis of analysis of 16S rRNA, cbbL and nifN and description of new species Thiocapsa bogorovii sp.nov].",2009,"Kitasato Institute for Life Sciences, Kitasato University, Tokyo, Japan.",japan
6741,International journal of systematic and evolutionary microbiology,Description of Leifsonia kafniensis sp. nov. and Leifsonia antarctica sp. nov.,2009,"Centre for Cellular and Molecular Biology, Uppal Road, Hyderabad 500 007, India.",india
6811,International journal of systematic and evolutionary microbiology,"Desulfovibrio marrakechensis sp. nov., a 1,4-tyrosol-oxidizing, sulfate-reducing bacterium isolated from olive mill wastewater.",2009,"Anaerobic Microbiology Team (E02B26), Sciences and Techniques Faculty, Cadi Ayyad University, PO Box 549, 40 000 Marrakech, Morocco.",morocco
6818,Mikrobiologiia,"[Halomonas chromatireducens sp. nov., a new denitrifying facultatively haloalkaliphilic bacterium from soda salt marshes capable of aerobic chromate reduction].",2009,"Key Laboratory for Conservation and Utilization of Plant Resources of Hunan Province, College of Biology and Environmental Sciences, Jishou University, Jishou, People's Republic of China. mchenjsu@yahoo.com.cn",china
6819,Mikrobiologiia,"[Roseococcus suduntuyensis sp. nov., a new aerobic bacteriochlorophyll A-containing bacterium isolated from a low-mineralized soda lake of Eastern Siberia].",2009,"Key Laboratory for Conservation and Utilization of Plant Resources of Hunan Province, College of Biology and Environmental Sciences, Jishou University, Jishou, People's Republic of China. mchenjsu@yahoo.com.cn",china
6820,Mikrobiologiia,[Novel halotolerant bacterium from cryopeg in permafrost: description of Psychrobacter muriicola sp. nov].,2009,"Key Laboratory for Conservation and Utilization of Plant Resources of Hunan Province, College of Biology and Environmental Sciences, Jishou University, Jishou, People's Republic of China. mchenjsu@yahoo.com.cn",china
7004,FEMS microbiology letters,"Treponema zioleckii sp. nov., a novel fructan-utilizing species of rumen treponemes.",2008,"Institute of Animal Physiology, Slovak Academy of Sciences, Kosice, Slovak Republic.",slovak republic
7049,International journal of systematic and evolutionary microbiology,"Exiguobacterium soli sp. nov., a psychrophilic bacterium from the McMurdo Dry Valleys, Antarctica.",2008,"Centre for Cellular and Molecular Biology, Uppal Road, Hyderabad 500 007, India.",india
7063,International journal of systematic and evolutionary microbiology,"Anoxybacillus bogrovensis sp. nov., a novel thermophilic bacterium isolated from a hot spring in Dolni Bogrov, Bulgaria.",2008,"Institute of Microbiology, Bulgarian Academy of Sciences, Acad. G. Bonchev Str. 26, 1113 Sofia, Bulgaria.",bulgaria
7067,International journal of systematic and evolutionary microbiology,"Bacillus cecembensis sp. nov., isolated from the Pindari glacier of the Indian Himalayas.",2008,"Centre for Cellular and Molecular Biology, Uppal Road, Hyderabad 500 007, India.",india
7085,International journal of systematic and evolutionary microbiology,"Leifsonia pindariensis sp. nov., isolated from the Pindari glacier of the Indian Himalayas, and emended description of the genus Leifsonia.",2008,"Centre for Cellular and Molecular Biology, Uppal Road, Hyderabad 500 007, India.",india
7233,Mikrobiologiia,"[Rhodobaca barguzinensis sp. nov., a new alkaliphilic purple nonsulfur bacterium isolated from a soda lake of the Barguzin Valley (Buryat Republic, eastern Siberia)].",2008,"Observatoire Océanologique, Laboratoire d'Océanographie Biologique de Banyuls, Université Pierre et Marie Curie (Paris VI), Institut National des Sciences de l'Univers (INSU), CNRS UMR 7621, BP44, 66651 Banyuls-sur-Mer Cedex, France.",france
7317,Mikrobiologiia,"[Chlorobaculum macestae sp. nov., a new green sulfur bacterium].",2008,"Key Laboratory of Microbiological Engineering of Agricultural Environment, Ministry of Agriculture, Life Sciences College of Nanjing Agricultural University, Nanjing, Jiangsu 210095, PR China.",china
7354,Mikrobiologiia,"[Halomonas mongoliensis sp. nov. and Halomonas kenyensis sp. nov., new haloalkaliphilic denitrifiers capable of reducing N2O, isolated from soda lakes].",2007,"Department of Microbiology and Biotechnology Research, Chungbuk National University, Cheongju 361-763, Korea.",south korea
7356,Emerging infectious diseases,"Bartonella australis sp. nov. from kangaroos, Australia.",2007,"Bio-Measurement Research Group, Institute for Biological Resources and Functions, National Institute of Advanced Industrial Science and Technology (AIST), Central 6, 1-1-1 Higashi, Tsukuba, Ibaraki 305-8566, Japan. y.sekiguchi@aist.go.jp.",japan
7419,International journal of systematic and evolutionary microbiology,"Halobacillus mangrovi sp. nov., a moderately halophilic bacterium isolated from the black mangrove Avicennia germinans.",2008,"Biology Department, Box 9012, University of Puerto Rico, Mayagüez, Puerto Rico 00681.",puerto rico
7432,International journal of systematic and evolutionary microbiology,"Brevibacterium oceani sp. nov., isolated from deep-sea sediment of the Chagos Trench, Indian Ocean.",2008,"Centre for Cellular and Molecular Biology, Uppal Road, Hyderabad 500 007, India.",india
7481,International journal of systematic and evolutionary microbiology,"Azospirillum zeae sp. nov., a diazotrophic bacterium isolated from rhizosphere soil of Zea mays.",2007,"School of Biological Sciences, Quaid-e-Azam Campus, University of the Punjab, Lahore 54590, Pakistan.",pakistan
7534,Mikrobiologiia,[The new eubacterium Roseomonas baikalica sp. nov. isolated from core samples collected by deep-hole drilling of the bottom of Lake Baĭkal].,2007,"Department of Plant Sciences, School of Life Sciences, University of Hyderabad, PO Central University, Hyderabad 500 046, India.",india
7632,International journal of systematic and evolutionary microbiology,"Microbacterium indicum sp. nov., isolated from a deep-sea sediment sample from the Chagos Trench, Indian Ocean.",2007,"Centre for Cellular and Molecular Biology, Uppal Road, Hyderabad 500 007, India. shivas@ccmb.res.in",india
7661,Mikrobiologiia,"[Salinicola socius gen. nov., sp. nov., a moderately halophilic bacterium from a naphthalene-utilizing microbial association].",2007,"Department of Molecular and Cell Biology, University of Cape Town, Rondebosch, Private Bag 1, Cape Town, 7701, South Africa.",south africa
7662,Systematic and applied microbiology,"Sphingobacterium canadense sp. nov., an isolate from corn roots.",2007,"School of Biological Sciences, University of the Punjab, Quaid-e-Azam Campus, Lahore 54590, Pakistan.",pakistan
7748,Extremophiles : life under extreme conditions,"Anoxybacillus rupiensis sp. Nov., a novel thermophilic bacterium isolated from Rupi basin (Bulgaria).",2007,"Institute of Microbiology, Bulgarian Academy of Science, Acad. G. Bonchev str. 26, 1113 Sofia, Bulgaria.",bulgaria
7797,Mikrobiologiia,"[The new bacteriochlorophyll a-containing bacterium Roseinatronobacter monicus sp. nov. from the hypersaline soda Mono Lake (California, United States)].",2007,"Research Service, VAMedical Center, West Los Angeles, CA 90073, USA. yulis1@yahoo.com",united states of america
7824,International journal of systematic and evolutionary microbiology,"Granulicoccus phenolivorans gen. nov., sp. nov., a Gram-positive, phenol-degrading coccus isolated from phenol-degrading aerobic granules.",2007,"Environmental Engineering Research Centre, School of Civil and Environmental Engineering, Nanyang Technological University, Singapore. cmaszenan@ntu.edu.sg",singapore
7936,Mikrobiologiia,[Classification of Methylomonas rubra sp. nov].,2006,"Institute of Molecular and Cellular Biosciences, The University of Tokyo, Yayoi 1-1-1, Bunkyo-ku, Tokyo 113-0032, Japan. kuramido@iam.u-tokyo.ac.jp",japan
7937,Mikrobiologiia,"[Geoalkalibacter ferrihydriticus gen. nov., sp. nov., the first alkaliphilic representative of the family Geobacteraceae, isolated from a soda lake].",2006,"Institute of Molecular and Cellular Biosciences, The University of Tokyo, Yayoi 1-1-1, Bunkyo-ku, Tokyo 113-0032, Japan. kuramido@iam.u-tokyo.ac.jp",japan
7964,International journal of systematic and evolutionary microbiology,"Exiguobacterium indicum sp. nov., a psychrophilic bacterium from the Hamta glacier of the Himalayan mountain ranges of India.",2006,"Centre for Cellular and Molecular Biology, Uppal Road, Hyderabad 500 007, India.",india
7970,Mikrobiologiia,"[Thiobacillus sajanensis sp. nov., a new obligately autotrophic sulfur-oxidizing bacterium isolated from Khoito-Gol hydrogen-sulfide springs, Buryatia].",2006,"Gifu University Graduate School of Medicine, Gifu, Japan. masaki@kaketsuken.or.jp",japan
8148,International journal of systematic and evolutionary microbiology,"Bacillus aerius sp. nov., Bacillus aerophilus sp. nov., Bacillus stratosphericus sp. nov. and Bacillus altitudinis sp. nov., isolated from cryogenic tubes used for collecting air samples from high altitudes.",2006,"Centre for Cellular and Molecular Biology, Uppal Road, Hyderabad 500 007, India. shivas@ccmb.res.in",india
8170,International journal of systematic and evolutionary microbiology,"Pedobacter sandarakinus sp. nov., isolated from soil.",2006,"Korea Research Institute of Bioscience and Biotechnology (KRIBB), Yusong, Taejon. jhyoon@kribb.re.kr",south korea
8173,International journal of systematic and evolutionary microbiology,"Polaribacter dokdonensis sp. nov., isolated from seawater.",2006,"Korea Research Institute of Bioscience and Biotechnology (KRIBB), Yusong, Taejon. jhyoon@kribb.re.kr",south korea
8247,International journal of systematic and evolutionary microbiology,"Clostridium schirmacherense sp. nov., an obligately anaerobic, proteolytic, psychrophilic bacterium isolated from lake sediment of Schirmacher Oasis, Antarctica.",2006,"Biotechnology Division, Defence Research and Development Establishment, Gwalior - 474002, India.",india
8313,International journal of systematic and evolutionary microbiology,"Marinomonas polaris sp. nov., a psychrohalotolerant strain isolated from coastal sea water off the subantarctic Kerguelen islands.",2006,"Centre for Cellular and Molecular Biology, Uppal Road, Hyderabad 500 007, India.",india
8365,Mikrobiologiia,"[Description of Desulfotomaculum nigrificans subsp. salinus as a new species, Desulfotomaculum salinum sp. nov].",2005,"Department of Microbiology, Bldg. 540, Institute of Biological Sciences, University of Aarhus, 8000 Aarhus, Denmark.",denmark
8366,Mikrobiologiia,"[Clostridium alkalicellum sp. nov., an obligately alkaliphilic cellulolytic bacterium from a soda lake in the Baikal region].",2005,"Department of Microbiology, Bldg. 540, Institute of Biological Sciences, University of Aarhus, 8000 Aarhus, Denmark.",denmark
8370,International journal of systematic and evolutionary microbiology,"Paenibacillus assamensis sp. nov., a novel bacterium isolated from a warm spring in Assam, India.",2005,"Microbial Type Culture Collection and Gene Bank, Sector 39A, Chandigarh 160 036, India.",india
8418,Mikrobiologiia,[Methylophaga murata sp. nov.: a haloalkaliphilic aerobic methylotroph from deteriorating marble].,2005,"Department of Soil Environmental Science, College of Agriculture and Natural Resources, National Chung Hsing University, Taichung, Taiwan.",taiwan
8436,International journal of systematic and evolutionary microbiology,"Dyadobacter hamtensis sp. nov., from Hamta glacier, located in the Himalayas, India.",2005,"Centre for Cellular and Molecular Biology, Uppal Road, Hyderabad 500 007, India.",india
8445,International journal of systematic and evolutionary microbiology,"Amycolatopsis plumensis sp. nov., a novel bioactive actinomycete isolated from a New-Caledonian brown hypermagnesian ultramafic soil.",2005,"Laboratoire de Biologie et Physiologie Végétales Appliquées, Université de la Nouvelle-Calédonie, BP4477 98847, Nouméa, New Caledonia.",new caledonia
8454,International journal of systematic and evolutionary microbiology,"Streptomyces bangladeshensis sp. nov., isolated from soil, which produces bis-(2-ethylhexyl)phthalate.",2005,"Department of Pharmacy, University of Rajshahi, Rajshahi 6205, Bangladesh.",india
8481,International journal of systematic and evolutionary microbiology,"Quadrisphaera granulorum gen. nov., sp. nov., a Gram-positive polyphosphate-accumulating coccus in tetrads or aggregates isolated from aerobic granules.",2005,"Environmental Engineering Research Centre, School of Civil and Environmental Engineering, Nanyang Technological University, Singapore 639798.",singapore
8535,International journal of systematic and evolutionary microbiology,"Marinobacter maritimus sp. nov., a psychrotolerant strain isolated from sea water off the subantarctic Kerguelen islands.",2005,"Centre for Cellular and Molecular Biology, Uppal Road, Hyderabad 500 007, India. shivas@ccmb.res.in",india
8573,International journal of systematic and evolutionary microbiology,"Sphingopyxis baekryungensis sp. nov., an orange-pigmented bacterium isolated from sea water of the Yellow Sea in Korea.",2005,"Laboratory of Microbial Function, Korea Research Institute of Bioscience and Biotechnology (KRIBB), Yusong, Taejon. jhyoon@kribb.re.kr",south korea
8579,International journal of systematic and evolutionary microbiology,"Erythrobacter luteolus sp. nov., isolated from a tidal flat of the Yellow Sea in Korea.",2005,"Korea Research Institute of Bioscience and Biotechnology (KRIBB), Yusong, Taejon. jhyoon@kribb.re.kr",south korea
8585,International journal of systematic and evolutionary microbiology,"Bacillus arsenicus sp. nov., an arsenic-resistant bacterium isolated from a siderite concretion in West Bengal, India.",2005,"Centre for Cellular and Molecular Biology, Hyderabad, India. shivas@ccmb.res.in",india
8590,International journal of systematic and evolutionary microbiology,"Pedobacter himalayensis sp. nov., from the Hamta glacier located in the Himalayan mountain ranges of India.",2005,"Centre for Cellular and Molecular Biology, Hyderabad, India. shivas@ccmb.res.in",india
8597,International journal of systematic and evolutionary microbiology,"Reclassification of [Cytophaga] marinoflava Reichenbach 1989 as Leeuwenhoekiella marinoflava gen. nov., comb. nov. and description of Leeuwenhoekiella aequorea sp. nov.",2005,"Pacific Institute of Bioorganic Chemistry of the Far-Eastern Branch of the Russian Academy of Sciences, Vladivostok. olganedashkovska@yahoo.com",russia
8598,International journal of systematic and evolutionary microbiology,"Pontibacillus marinus sp. nov., a moderately halophilic bacterium from a solar saltern, and emended description of the genus Pontibacillus.",2005,"Korea Research Institute of Bioscience and Biotechnology, Yusong, Daejeon.",south korea
8599,International journal of systematic and evolutionary microbiology,"Muricauda flavescens sp. nov. and Muricauda aquimarina sp. nov., isolated from a salt lake near Hwajinpo Beach of the East Sea in Korea, and emended description of the genus Muricauda.",2005,"Korea Research Institute of Bioscience and Biotechnology (KRIBB), Yusong, Taejon. jhyoon@kribb.re.kr",south korea
8646,International journal of systematic and evolutionary microbiology,"Psychrobacter vallis sp. nov. and Psychrobacter aquaticus sp. nov., from Antarctica.",2005,"Centre for Cellular and Molecular Biology, Uppal Road, Hyderabad 500 007, India. shivas@ccmb.res.in",india
8707,International journal of systematic and evolutionary microbiology,"Marinomonas ushuaiensis sp. nov., isolated from coastal sea water in Ushuaia, Argentina, sub-Antarctica.",2005,"Centre for Cellular and Molecular Biology, Uppal Road, Hyderabad 500 007, India.",india
8747,Systematic and applied microbiology,"Psychrobacter salsus sp. nov. and Psychrobacter adeliensis sp. nov. isolated from fast ice from Adelie Land, Antarctica.",2004,"Centre for Cellular and Molecular Biology, Uppal Road, Hyderabad, India. shivas@ccmb.res.in",india
8757,International journal of systematic and evolutionary microbiology,Arthrobacter gangotriensis sp. nov. and Arthrobacter kerguelensis sp. nov. from Antarctica.,2004,"Centre for Cellular and Molecular Biology, Uppal Road, Hyderabad - 500 007, India.",india
8799,International journal of systematic and evolutionary microbiology,"Streptomyces ferralitis sp. nov., a novel streptomycete isolated from a New-Caledonian ultramafic soil.",2004,"Laboratoire de Biologie et Physiologie Végetales Appliquées, Université de la Nouvelle-Calédonie, BP4477 98847 Nouméa, New Caledonia.",new caledonia
8891,Extremophiles : life under extreme conditions,"Thermoactive extracellular proteases of Geobacillus caldoproteolyticus, sp. nov., from sewage sludge.",2004,"Environmental Engineering Research Center, School of Civil and Environmental Engineering, Nanyang Technological University, 639798, Singapore.",singapore
8898,International journal of systematic and evolutionary microbiology,"Bacillus indicus sp. nov., an arsenic-resistant bacterium isolated from an aquifer in West Bengal, India.",2004,"Centre for Cellular and Molecular Biology, Uppal Road, Hyderabad-500 007, India.",india
8971,International journal of systematic and evolutionary microbiology,"Psychrophilic pseudomonads from Antarctica: Pseudomonas antarctica sp. nov., Pseudomonas meridiana sp. nov. and Pseudomonas proteolytica sp. nov.",2004,"Centre for Cellular and Molecular Biology, Uppal Road, Hyderabad - 500 007, India.",india
8998,International journal of systematic and evolutionary microbiology,"Nocardia neocaledoniensis sp. nov., a novel actinomycete isolated from a New-Caledonian brown hypermagnesian ultramafic soil.",2004,"Laboratoire de Biologie et Physiologie Végétales Appliquées, Université de la Nouvelle-Calédonie, BP 4477 98847, Nouméa, New Caledonia.",new caledonia
9013,International journal of systematic and evolutionary microbiology,"Deinococcus indicus sp. nov., an arsenic-resistant bacterium from an aquifer in West Bengal, India.",2004,"Centre for Cellular and Molecular Biology, Uppal Road, Hyderabad 500 007, India.",india
9077,Systematic and applied microbiology,Psychrophilic Planococcus maitriensis sp.nov. from Antarctica.,2003,"Centre for Cellular and Molecular Biology, Hyderabad, India.",india
9157,International journal of systematic and evolutionary microbiology,"Sporosarcina macmurdoensis sp. nov., from a cyanobacterial mat sample from a pond in the McMurdo Dry Valleys, Antarctica.",2003,"Centre for Cellular and Molecular Biology, Uppal Road, Hyderabad 500 007, India.",india
9172,International journal of systematic and evolutionary microbiology,"Bosea minatitlanensis sp. nov., a strictly aerobic bacterium isolated from an anaerobic digester.",2003,"Département de Biochimie-Microbiologie, Unité de Formation et de Recherches en Sciences de la Vie et de la Terre, Université de Ouagadougou, Burkina Faso. ouattabs@univ-ouaga.bf",burkina faso
9193,International journal of systematic and evolutionary microbiology,"Sterolibacterium denitrificans gen. nov., sp. nov., a novel cholesterol-oxidizing, denitrifying member of the beta-Proteobacteria.",2003,"Facultad de Química, Universidad de la República, C. C. 1157, Montevideo, Uruguay. starlera@fq.edu.uy",uruguay
9207,International journal of systematic and evolutionary microbiology,"Leifsonia rubra sp. nov. and Leifsonia aurea sp. nov., psychrophiles from a pond in Antarctica.",2003,"Centre for Cellular and Molecular Biology, Uppal Road, Hyderabad-500 007, India.",india
9282,International journal of systematic and evolutionary microbiology,"Sphingopyxis chilensis sp. nov., a chlorophenol-degrading bacterium that accumulates polyhydroxyalkanoate, and transfer of Sphingomonas alaskensis to Sphingopyxis alaskensis comb. nov.",2003,"Departamento de Microbiología, Facultad de Ciencias Biológicas, Universidad de Concepción, Casilla 160-C Concepción, Chile.",chile
9315,International journal of systematic and evolutionary microbiology,"Kocuria polaris sp. nov., an orange-pigmented psychrophilic bacterium isolated from an Antarctic cyanobacterial mat sample.",2003,"Centre for Cellular and Molecular Biology, Uppal Road, Hyderabad 500 007, India.",india
9343,Systematic and applied microbiology,Taxonomy of the glycerol fermenting clostridia and description of Clostridium diolis sp. nov.,2002,"German Research Center for Biotechnology-GBF, Braunschweig.",germany
9344,Extremophiles : life under extreme conditions,"Halomonas glaciei sp. nov. isolated from fast ice of Adelie Land, Antarctica.",2003,"Centre for Cellular and Molecular Biology, Uppal Road, Hyderabad-500 007, India.",india
9399,International journal of systematic and evolutionary microbiology,"Rheinheimera baltica gen. nov., sp. nov., a blue-coloured bacterium isolated from the central Baltic Sea.",2002,"GBF-German Centre for Biotechnology, Department of Environmental Microbiology, Braunschweig. inb@gbf.de",germany
9400,International journal of systematic and evolutionary microbiology,"Kineosphaera limosa gen. nov., sp. nov., a novel Gram-positive polyhydroxyalkanoate-accumulating coccus isolated from activated sludge.",2002,"Department of Civil Engineering, National University of Singapore, Singapore. cveliuwt@nus.edu.sg",singapore
9404,International journal of systematic and evolutionary microbiology,"Halomonas halocynthiae sp. nov., isolated from the marine ascidian Halocynthia aurantium.",2002,"Pacific Institute of Bioorganic Chemistry, Far-Eastern Branch, Russian Academy of Sciences, Vladivostok. erko@dsmz.de",russia
9405,International journal of systematic and evolutionary microbiology,"Pseudoalteromonas translucida sp. nov. and Pseudoalteromonas paragorgicola sp. nov., and emended description of the genus.",2002,"Pacific Institute of Bioorganic Chemistry of the Far-Eastern Branch of the Russian Academy of Sciences, Vladivostok. eivanova@swin.edu.au",russia
9437,Systematic and applied microbiology,"Ruminococcus luti sp. nov., isolated from a human faecal sample.",2002,"Department of Gastrointestinal Microbiology, German Institute of Human Nutrition, Bergholz-Rehbrücke.",germany
9450,International journal of systematic and evolutionary microbiology,"Psychrobacter submarinus sp. nov. and Psychrobacter marincola sp. nov., psychrophilic halophiles from marine environments.",2002,"Pacific Institute of Bioorganic Chemistry, Far-Eastern Branch, Russian Academy of Sciences, Vladivostok.",russia
9456,International journal of systematic and evolutionary microbiology,Taxonomic dissection of the Streptococcus bovis group by analysis of manganese-dependent superoxide dismutase gene (sodA) sequences: reclassification of 'Streptococcus infantarius subsp. coli' as Streptococcus lutetiensis sp. nov. and of Streptococcus bovis biotype 11.2 as Streptococcus pasteurianus sp. nov.,2002,cpoyart@pasteur.fr,france
9492,International journal of systematic and evolutionary microbiology,"Oleiphilaceae fam. nov., to include Oleiphilus messinensis gen. nov., sp. nov., a novel marine bacterium that obligately utilizes hydrocarbons.",2002,"Division of Microbiology, GBF-German Research Centre for Biotechnology, Braunschweig. pgo@gbf.de",germany
9506,International journal of systematic and evolutionary microbiology,"Mitsuokella jalaludinii sp. nov., from the rumens of cattle in Malaysia.",2002,"Institute of Bioscience, Universiti Putra Malaysia, Serdang, Selangor.",malaysia
9509,International journal of systematic and evolutionary microbiology,"Arthrobacter roseus sp. nov., a psychrophilic bacterium isolated from an antarctic cyanobacterial mat sample.",2002,"Centre for Cellular and Molecular Biology, Hyderabad, India.",india
9516,Applied microbiology and biotechnology,Bacillus naphthovorans sp. nov. from oil-contaminated tropical marine sediments and its role in naphthalene biodegradation.,2002,"Environmental Engineering Research Centre, Division of Environmental and Water Resources Engineering, School of Civil and Environmental Engineering, Nanyang Technological University, Singapore.",singapore
9528,International journal of systematic and evolutionary microbiology,"Stenotrophomonas acidaminiphila sp. nov., a strictly aerobic bacterium isolated from an upflow anaerobic sludge blanket (UASB) reactor.",2002,"Département de Biochimie-Microbiologie, Faculté des Sciences et Techniques, Université de Ouagadougou, Burkina Faso.",burkina faso
9529,International journal of systematic and evolutionary microbiology,"Saccharomonospora halophila sp. nov., a novel halophilic actinomycete isolated from marsh soil in Kuwait.",2002,"Kuwait University, Department of Biological Sciences, Safat.",kuwait
9531,International journal of systematic and evolutionary microbiology,"Nocardiopsis halotolerans sp. nov., isolated from salt marsh soil in Kuwait.",2002,"Dept of Biological Sciences, Kuwait University, Safat.",kuwait
9540,International journal of systematic and evolutionary microbiology,"Reclassification of Eubacterium formicigenerans Holdeman and Moore 1974 as Dorea formicigenerans gen. nov., comb. nov., and description of Dorea longicatena sp. nov., isolated from human faeces.",2002,"Department of Gastrointestinal Microbiology, German Institute of Human Nutrition, Bergholz-Rehbrucke.",germany
9541,International journal of systematic and evolutionary microbiology,"Paenibacillus chinjuensis sp. nov., a novel exopolysaccharide-producing bacterium.",2002,"Korea Research Institute of Bioscience and Biotechnology, Yusong, Taejon.",south korea
9555,International journal of systematic and evolutionary microbiology,"Pseudoalteromonas maricaloris sp. nov., isolated from an Australian sponge, and reclassification of [Pseudoalteromonas aurantia] NCIMB 2033 as Pseudoalteromonas flavipulchra sp. nov.",2002,"Pacific Institute of Bioorganic Chemistry of the Far-Eastern Branch of the Russian Academy of Sciences, Vladivostok. eivanova@groupwise.swin.edu.au",russia
9557,International journal of systematic and evolutionary microbiology,"Pseudoalteromonas ruthenica sp. nov., isolated from marine invertebrates.",2002,"Pacific Institute of Bioorganic Chemistry of the Far-Eastern Branch of the Russian Academy of Sciences, Vladivostok. eivanova@groupwise.swin.edu.au",russia
9558,International journal of systematic and evolutionary microbiology,"Pseudoalteromonas issachenkonii sp. nov., a bacterium that degrades the thallus of the brown alga Fucus evanescens.",2002,"Pacific Institute of Bioorganic Chemistry of the Far-Eastern Branch of the Russian Academy of Sciences, Vladivostok. eivanova@groupwise.swin.edu.au",russia
9566,International journal of systematic and evolutionary microbiology,"Anaerobaculum mobile sp. nov., a novel anaerobic, moderately thermophilic, peptide-fermenting bacterium that uses crotonate as an electron acceptor, and emended description of the genus Anaerobaculum.",2002,"Facultad de Química, Universidad de la República, Montevideo, Uruguay. jmenes@bilbo.edu.uy",uruguay
9569,International journal of systematic and evolutionary microbiology,"Halomonas alimentaria sp. nov., isolated from jeotgal, a traditional Korean fermented seafood.",2002,"Korea Research Institute of Bioscience and Biotechnology, Yusong, Taejon.",south korea
9584,International journal of systematic and evolutionary microbiology,"Jeotgalibacillus alimentarius gen. nov., sp. nov., a novel bacterium isolated from jeotgal with L-lysine in the cell wall, and reclassification of Bacillus marinus Rüger 1983 . as mMrinibacillus marinus gen nov., comb. nov.",2001,"Korea Research Institute of Bioscience and Biotechnology (KRIBB), Yusong, Taejon.",south korea
9635,Journal of clinical microbiology,Description of Mycobacterium heckeshornense sp. nov.,2001,"G.K.Skryabin Institute of Biochemistry and Physiology of Microorganisms RAS, Pushchino, Moscow, Russia.",russia
9641,International journal of systematic and evolutionary microbiology,"Planomicrobium koreense gen. nov., sp. nov., a bacterium isolated from the Korean traditional fermented seafood jeotgal, and transfer of Planococcus okeanokoites (Nakagawa et al. 1996) and Planococcus mcmeekinii (Junge et al. 1998) to the genus Planomicrobium.",2001,"Korea Research Institute of Bioscience and Biotechnology, Yusong, Taejon.",south korea
9644,International journal of systematic and evolutionary microbiology,"Sphingomonas aquatilis sp. nov., Sphingomonas koreensis sp. nov., and Sphingomonas taejonensis sp. nov., yellow-pigmented bacteria isolated from natural mineral water.",2001,"Korea Research Institute of Bioscience and Biotechnology, Yusong, Taejon.",south korea
9651,International journal of systematic and evolutionary microbiology,"Hydrogenobacter subterraneus sp. nov., an extremely thermophilic, heterotrophic bacterium unable to grow on hydrogen gas, from deep subsurface geothermal water.",2001,"Subground Animalcules Retrieval (SUGAR) Project, Frontier Research for Deep-sea Environments, Japan Marine Science and Technology Center, Yokosuka. kent@jamstec.go.jp",japan
9660,International journal of systematic and evolutionary microbiology,"Novel nitrogen-fixing acetic acid bacteria, Gluconacetobacter johannae sp. nov. and Gluconacetobacter azotocaptans sp. nov., associated with coffee plants.",2001,"Centro de Investigación sobre Fijación de Nitrógeno, Universidad Nacional Autónoma de México, Cuernavaca, Mor..",mexico
9674,International journal of systematic and evolutionary microbiology,"Comamonas nitrativorans sp. nov., a novel denitrifier isolated from a denitrifying reactor treating landfill leachate.",2001,"Departamento de Microbiología, Facultad de Química, Universidad de la República, Montevideo, Uruguay. cetchebe@bilbo.edu.uy",uruguay
9686,International journal of systematic and evolutionary microbiology,"Halomonas marisflavae sp. nov., a halophilic bacterium isolated from the Yellow Sea in Korea.",2001,"Korea Research Institute of Bioscience and Biotechnology (KRIBB), Yusong, Taejon.",south korea
9691,International journal of systematic and evolutionary microbiology,"Bacillus jeotgali sp. nov., isolated from jeotgal, Korean traditional fermented seafood.",2001,"Korea Research Institute of Biosciences and Biotechnology (KRIBB), Yusong, Taejon.",south korea
9692,International journal of systematic and evolutionary microbiology,"Sporosarcina aquimarina sp. nov., a bacterium isolated from seawater in Korea, and transfer of Bacillus globisporus (Larkin and Stokes 1967), Bacillus psychrophilus (Nakamura 1984) and Bacillus pasteurii (Chester 1898) to the genus Sporosarcina as Sporosarcina globispora comb. nov., Sporosarcina psychrophila comb. nov. and Sporosarcina pasteurii comb. nov., and emended description of th.",2001,"Korea Research Institute of Bioscience and Biotechnology (KRIBB), Yusong, Taejon.",south korea
9696,International journal of systematic and evolutionary microbiology,Shewanella japonica sp. nov.,2001,"Pacific Institute of Bioorganic Chemistry of the Far-Eastern Branch, Russian Academy of Sciences, Vladivostoku. eivanova@groupwise.swin.edu.au",russia
9717,International journal of systematic and evolutionary microbiology,"Actinopolymorpha singaporensis gen. nov., sp. nov., a novel actinomycete from the tropical rainforest of Singapore.",2001,"Microbial Collection and Screening Laboratory, Institute of Molecular and Cell Biology, Singapore.",singapore
9753,Journal of clinical microbiology,"Nocardia africana sp. nov., a new pathogen isolated from patients with pulmonary infections.",2001,"Department of Preventive Medicine and Public Health, Faculty of Veterinary Science, University of Khartoum, Khartoum North, Sudan.",sudan
